-- phpMyAdmin SQL Dump
-- version 5.2.1
-- https://www.phpmyadmin.net/
--
-- Host: 127.0.0.1
-- Waktu pembuatan: 02 Okt 2023 pada 04.58
-- Versi server: 10.4.28-MariaDB
-- Versi PHP: 8.0.28

SET SQL_MODE = "NO_AUTO_VALUE_ON_ZERO";
START TRANSACTION;
SET time_zone = "+00:00";


/*!40101 SET @OLD_CHARACTER_SET_CLIENT=@@CHARACTER_SET_CLIENT */;
/*!40101 SET @OLD_CHARACTER_SET_RESULTS=@@CHARACTER_SET_RESULTS */;
/*!40101 SET @OLD_COLLATION_CONNECTION=@@COLLATION_CONNECTION */;
/*!40101 SET NAMES utf8mb4 */;

--
-- Database: `inventaris`
--

-- --------------------------------------------------------

--
-- Struktur dari tabel `detail_pinjam`
--

CREATE TABLE `detail_pinjam` (
  `id_detail_pinjam` int(11) NOT NULL,
  `id_inventaris` int(11) NOT NULL,
  `jumlah` int(11) NOT NULL,
  `id_peminjaman` varchar(11) NOT NULL
) ENGINE=InnoDB DEFAULT CHARSET=utf8mb4 COLLATE=utf8mb4_general_ci;

--
-- Dumping data untuk tabel `detail_pinjam`
--

INSERT INTO `detail_pinjam` (`id_detail_pinjam`, `id_inventaris`, `jumlah`, `id_peminjaman`) VALUES
(5, 2, 1, 'PMJ001'),
(6, 1, 1, 'PMJ002');

-- --------------------------------------------------------

--
-- Struktur dari tabel `inventaris`
--

CREATE TABLE `inventaris` (
  `id_inventaris` int(11) NOT NULL,
  `nama` varchar(50) NOT NULL,
  `kondisi` varchar(50) NOT NULL,
  `keterangan` text NOT NULL,
  `jumlah` int(11) NOT NULL,
  `id_jenis` int(11) NOT NULL,
  `tanggal_register` timestamp NOT NULL DEFAULT current_timestamp() ON UPDATE current_timestamp(),
  `id_ruang` int(11) NOT NULL,
  `kode_inventaris` varchar(50) NOT NULL,
  `id_petugas` int(11) NOT NULL
) ENGINE=InnoDB DEFAULT CHARSET=utf8mb4 COLLATE=utf8mb4_general_ci;

--
-- Dumping data untuk tabel `inventaris`
--

INSERT INTO `inventaris` (`id_inventaris`, `nama`, `kondisi`, `keterangan`, `jumlah`, `id_jenis`, `tanggal_register`, `id_ruang`, `kode_inventaris`, `id_petugas`) VALUES
(1, 'Laptop ROG', 'Baru', 'Bantuan Dari Pemerintah', 50, 1, '2023-09-18 14:21:29', 1, 'LP001', 1),
(2, 'Penghapus', 'Baru', 'Bantuan Dari Sarpras', 100, 2, '2023-09-18 14:23:18', 1, 'PS001', 1),
(3, 'Meja Putih', 'Baru', 'Bantuan Dari Pemerintah', 150, 2, '2023-09-19 00:04:28', 1, 'MJ001', 1),
(4, 'Speaker', 'Baru', 'Bantuan Dari Provinsi Jatim', 45, 1, '2023-09-19 00:09:46', 2, 'SP001', 1),
(6, 'Spidol', 'Baru', 'Bantuan Dari Pemerintah', 360, 2, '2023-09-19 00:13:13', 2, 'SL001', 1);

-- --------------------------------------------------------

--
-- Struktur dari tabel `jenis`
--

CREATE TABLE `jenis` (
  `id_jenis` int(11) NOT NULL,
  `nama_jenis` varchar(50) NOT NULL,
  `kode_jenis` varchar(50) NOT NULL,
  `keterangan` text NOT NULL
) ENGINE=InnoDB DEFAULT CHARSET=utf8mb4 COLLATE=utf8mb4_general_ci;

--
-- Dumping data untuk tabel `jenis`
--

INSERT INTO `jenis` (`id_jenis`, `nama_jenis`, `kode_jenis`, `keterangan`) VALUES
(1, 'Elektronik', 'E001', 'Barang Elektronik'),
(2, 'Habis Pakai', 'HP001', 'Barang Habis Pakai');

-- --------------------------------------------------------

--
-- Struktur dari tabel `level`
--

CREATE TABLE `level` (
  `id_level` int(11) NOT NULL,
  `nama_level` varchar(50) NOT NULL
) ENGINE=InnoDB DEFAULT CHARSET=utf8mb4 COLLATE=utf8mb4_general_ci;

--
-- Dumping data untuk tabel `level`
--

INSERT INTO `level` (`id_level`, `nama_level`) VALUES
(1, 'admin'),
(2, 'operator'),
(3, 'peminjam');

-- --------------------------------------------------------

--
-- Struktur dari tabel `pegawai`
--

CREATE TABLE `pegawai` (
  `id_pegawai` int(11) NOT NULL,
  `nama_pegawai` varchar(50) NOT NULL,
  `nip` int(20) NOT NULL,
  `alamat` text NOT NULL
) ENGINE=InnoDB DEFAULT CHARSET=utf8mb4 COLLATE=utf8mb4_general_ci;

--
-- Dumping data untuk tabel `pegawai`
--

INSERT INTO `pegawai` (`id_pegawai`, `nama_pegawai`, `nip`, `alamat`) VALUES
(1, 'Zaxky', 1, 'Jl. Wijaya Kusuma No.26'),
(2, 'Adhixm', 2, 'Jl. Bendi');

-- --------------------------------------------------------

--
-- Struktur dari tabel `peminjaman`
--

CREATE TABLE `peminjaman` (
  `id_peminjaman` varchar(11) NOT NULL,
  `tanggal_pinjam` timestamp NOT NULL DEFAULT current_timestamp() ON UPDATE current_timestamp(),
  `tanggal_kembali` date NOT NULL,
  `status_peminjaman` enum('0','1','2') NOT NULL,
  `id_pegawai` int(11) NOT NULL
) ENGINE=InnoDB DEFAULT CHARSET=utf8mb4 COLLATE=utf8mb4_general_ci;

--
-- Dumping data untuk tabel `peminjaman`
--

INSERT INTO `peminjaman` (`id_peminjaman`, `tanggal_pinjam`, `tanggal_kembali`, `status_peminjaman`, `id_pegawai`) VALUES
('PMJ001', '2023-10-02 02:31:14', '0000-00-00', '0', 1),
('PMJ002', '2023-10-02 02:33:22', '0000-00-00', '0', 1);

-- --------------------------------------------------------

--
-- Struktur dari tabel `petugas`
--

CREATE TABLE `petugas` (
  `id_petugas` int(11) NOT NULL,
  `username` varchar(50) NOT NULL,
  `password` varchar(50) NOT NULL,
  `nama_petugas` varchar(50) NOT NULL,
  `id_level` int(11) NOT NULL
) ENGINE=InnoDB DEFAULT CHARSET=utf8mb4 COLLATE=utf8mb4_general_ci;

--
-- Dumping data untuk tabel `petugas`
--

INSERT INTO `petugas` (`id_petugas`, `username`, `password`, `nama_petugas`, `id_level`) VALUES
(1, 'admin', 'admin', 'ADMIN', 1),
(2, 'operator', 'operator', 'OPERATOR', 2),
(3, 'peminjam', 'peminjam', 'PEMINJAM', 3);

-- --------------------------------------------------------

--
-- Struktur dari tabel `ruang`
--

CREATE TABLE `ruang` (
  `id_ruang` int(11) NOT NULL,
  `nama_ruang` varchar(50) NOT NULL,
  `kode_ruang` varchar(50) NOT NULL,
  `keterangan` text NOT NULL
) ENGINE=InnoDB DEFAULT CHARSET=utf8mb4 COLLATE=utf8mb4_general_ci;

--
-- Dumping data untuk tabel `ruang`
--

INSERT INTO `ruang` (`id_ruang`, `nama_ruang`, `kode_ruang`, `keterangan`) VALUES
(1, 'LAB RPL', 'LAB001', 'Lab Jurusan Rekayasa Perangkat Lunak'),
(2, 'LAB AKL', 'LAB002', 'Lab Jurusan AKL');

--
-- Indexes for dumped tables
--

--
-- Indeks untuk tabel `detail_pinjam`
--
ALTER TABLE `detail_pinjam`
  ADD PRIMARY KEY (`id_detail_pinjam`),
  ADD KEY `id_inventaris` (`id_inventaris`),
  ADD KEY `detail_pinjam_ibfk_2` (`id_peminjaman`);

--
-- Indeks untuk tabel `inventaris`
--
ALTER TABLE `inventaris`
  ADD PRIMARY KEY (`id_inventaris`),
  ADD KEY `id_jenis` (`id_jenis`),
  ADD KEY `id_ruang` (`id_ruang`),
  ADD KEY `id_petugas` (`id_petugas`);

--
-- Indeks untuk tabel `jenis`
--
ALTER TABLE `jenis`
  ADD PRIMARY KEY (`id_jenis`);

--
-- Indeks untuk tabel `level`
--
ALTER TABLE `level`
  ADD PRIMARY KEY (`id_level`);

--
-- Indeks untuk tabel `pegawai`
--
ALTER TABLE `pegawai`
  ADD PRIMARY KEY (`id_pegawai`);

--
-- Indeks untuk tabel `peminjaman`
--
ALTER TABLE `peminjaman`
  ADD PRIMARY KEY (`id_peminjaman`),
  ADD KEY `id_pegawai` (`id_pegawai`);

--
-- Indeks untuk tabel `petugas`
--
ALTER TABLE `petugas`
  ADD PRIMARY KEY (`id_petugas`),
  ADD KEY `id_level` (`id_level`);

--
-- Indeks untuk tabel `ruang`
--
ALTER TABLE `ruang`
  ADD PRIMARY KEY (`id_ruang`);

--
-- AUTO_INCREMENT untuk tabel yang dibuang
--

--
-- AUTO_INCREMENT untuk tabel `detail_pinjam`
--
ALTER TABLE `detail_pinjam`
  MODIFY `id_detail_pinjam` int(11) NOT NULL AUTO_INCREMENT, AUTO_INCREMENT=7;

--
-- AUTO_INCREMENT untuk tabel `inventaris`
--
ALTER TABLE `inventaris`
  MODIFY `id_inventaris` int(11) NOT NULL AUTO_INCREMENT, AUTO_INCREMENT=8;

--
-- AUTO_INCREMENT untuk tabel `jenis`
--
ALTER TABLE `jenis`
  MODIFY `id_jenis` int(11) NOT NULL AUTO_INCREMENT, AUTO_INCREMENT=3;

--
-- AUTO_INCREMENT untuk tabel `level`
--
ALTER TABLE `level`
  MODIFY `id_level` int(11) NOT NULL AUTO_INCREMENT, AUTO_INCREMENT=4;

--
-- AUTO_INCREMENT untuk tabel `pegawai`
--
ALTER TABLE `pegawai`
  MODIFY `id_pegawai` int(11) NOT NULL AUTO_INCREMENT, AUTO_INCREMENT=3;

--
-- AUTO_INCREMENT untuk tabel `petugas`
--
ALTER TABLE `petugas`
  MODIFY `id_petugas` int(11) NOT NULL AUTO_INCREMENT, AUTO_INCREMENT=4;

--
-- AUTO_INCREMENT untuk tabel `ruang`
--
ALTER TABLE `ruang`
  MODIFY `id_ruang` int(11) NOT NULL AUTO_INCREMENT, AUTO_INCREMENT=3;

--
-- Ketidakleluasaan untuk tabel pelimpahan (Dumped Tables)
--

--
-- Ketidakleluasaan untuk tabel `detail_pinjam`
--
ALTER TABLE `detail_pinjam`
  ADD CONSTRAINT `detail_pinjam_ibfk_1` FOREIGN KEY (`id_inventaris`) REFERENCES `inventaris` (`id_inventaris`) ON DELETE CASCADE ON UPDATE CASCADE,
  ADD CONSTRAINT `detail_pinjam_ibfk_2` FOREIGN KEY (`id_peminjaman`) REFERENCES `peminjaman` (`id_peminjaman`);

--
-- Ketidakleluasaan untuk tabel `inventaris`
--
ALTER TABLE `inventaris`
  ADD CONSTRAINT `inventaris_ibfk_1` FOREIGN KEY (`id_jenis`) REFERENCES `jenis` (`id_jenis`) ON DELETE CASCADE ON UPDATE CASCADE,
  ADD CONSTRAINT `inventaris_ibfk_2` FOREIGN KEY (`id_ruang`) REFERENCES `ruang` (`id_ruang`) ON DELETE CASCADE ON UPDATE CASCADE,
  ADD CONSTRAINT `inventaris_ibfk_3` FOREIGN KEY (`id_petugas`) REFERENCES `petugas` (`id_petugas`) ON DELETE CASCADE ON UPDATE CASCADE;

--
-- Ketidakleluasaan untuk tabel `peminjaman`
--
ALTER TABLE `peminjaman`
  ADD CONSTRAINT `peminjaman_ibfk_1` FOREIGN KEY (`id_pegawai`) REFERENCES `pegawai` (`id_pegawai`) ON DELETE CASCADE ON UPDATE CASCADE;

--
-- Ketidakleluasaan untuk tabel `petugas`
--
ALTER TABLE `petugas`
  ADD CONSTRAINT `petugas_ibfk_1` FOREIGN KEY (`id_level`) REFERENCES `level` (`id_level`) ON DELETE CASCADE ON UPDATE CASCADE;
COMMIT;

/*!40101 SET CHARACTER_SET_CLIENT=@OLD_CHARACTER_SET_CLIENT */;
/*!40101 SET CHARACTER_SET_RESULTS=@OLD_CHARACTER_SET_RESULTS */;
/*!40101 SET COLLATION_CONNECTION=@OLD_COLLATION_CONNECTION */;
